"","name","longitude","latitude","prov","date","key"
"1","Argia pulla Hagen, 1865",-110.92708,29.0717,"gbif",2019-08-13,"3035003978"
"2","Argia pulla Hagen, 1865",-110.926042,29.071068,"gbif",2019-08-13,"3383967422"
"3","Argia pulla Hagen, 1865",-110.925308,29.070978,"gbif",2022-12-02,"3988655912"
"4","Argia pulla Hagen, 1865",-110.925247,29.070978,"gbif",2022-12-02,"3988707939"
"5","Argia pulla Hagen, 1865",-110.349204,28.71853,"gbif",2016-09-03,"3985842482"
"6","Argia pulla Hagen, 1865",-110.347549,28.719593,"gbif",2005-06-30,"3383870453"
"7","Argia pulla Hagen, 1865",-109.63296,26.86302,"gbif",2019-10-22,"3034970088"
"8","Argia pulla Hagen, 1865",-109.455747,27.10351,"gbif",2016-10-07,"3985959547"
"9","Argia pulla Hagen, 1865",-109.43703,27.10326,"gbif",2022-10-26,"3948878305"
"10","Argia pulla Hagen, 1865",-109.432932,27.104583,"gbif",2022-08-13,"3925384569"
"11","Argia pulla Hagen, 1865",-109.425194,27.113083,"gbif",2022-08-13,"3899126534"
"12","Argia pulla Hagen, 1865",-109.38017,27.16742,"gbif",2021-10-12,"3396074304"
"13","Argia pulla Hagen, 1865",-109.26097,27.226761,"gbif",2021-10-12,"3396071310"
"14","Argia pulla Hagen, 1865",-109.259964,27.231299,"gbif",2021-10-12,"3396063320"
"15","Argia pulla Hagen, 1865",-109.256377,28.430389,"gbif",2018-08-09,"3985892408"
"16","Argia pulla Hagen, 1865",-109.255,28.430417,"gbif",2022-08-08,"3899124441"
"17","Argia pulla Hagen, 1865",-109.184733,27.389514,"gbif",2021-10-14,"3395075309"
"18","Argia pulla Hagen, 1865",-109.1152,27.21832,"gbif",2019-11-05,"3034850442"
"19","Argia pulla Hagen, 1865",-109.1116,27.22064,"gbif",2019-08-10,"3035021769"
"20","Argia pulla Hagen, 1865",-109.111515,27.220629,"gbif",2019-08-10,"2445091820"
"21","Argia pulla Hagen, 1865",-109.0925,27.401502,"gbif",2021-10-14,"3395079306"
"22","Argia pulla Hagen, 1865",-109.06807,26.99776,"gbif",2022-02-28,"3753302306"
"23","Argia pulla Hagen, 1865",-108.998075,25.793024,"gbif",NA,"1978282318"
"24","Argia pulla Hagen, 1865",-108.981213,27.041021,"gbif",2022-11-13,"3964835301"
"25","Argia pulla Hagen, 1865",-108.918,26.919056,"gbif",2022-08-10,"3899123361"
"26","Argia pulla Hagen, 1865",-108.915833,26.974722,"gbif",2022-08-10,"3899124540"
"27","Argia pulla Hagen, 1865",-108.915273,26.771229,"gbif",2023-09-20,"4412920311"
"28","Argia pulla Hagen, 1865",-108.914655,26.909543,"gbif",2019-08-09,"2465214989"
"29","Argia pulla Hagen, 1865",-108.913736,27.011233,"gbif",2021-09-24,"3395079303"
"30","Argia pulla Hagen, 1865",-108.895068,26.98125,"gbif",2021-12-18,"3421103307"
"31","Argia pulla Hagen, 1865",-108.8857,26.94141,"gbif",2023-09-04,"4404498310"
"32","Argia pulla Hagen, 1865",-108.8309,26.9467,"gbif",2021-08-25,"3341835473"
"33","Argia pulla Hagen, 1865",-108.808064,26.995375,"gbif",2022-11-22,"3970335303"
"34","Argia pulla Hagen, 1865",-108.78544,27.00406,"gbif",2019-08-11,"3035001177"
"35","Argia pulla Hagen, 1865",-108.785398,27.003563,"gbif",2019-08-11,"3384291415"
"36","Argia pulla Hagen, 1865",-108.757657,27.245541,"gbif",2022-11-06,"3962475317"
"37","Argia pulla Hagen, 1865",-108.754278,27.061285,"gbif",2021-11-06,"3406576314"
"38","Argia pulla Hagen, 1865",-108.73425,27.04209,"gbif",2022-04-10,"3753291309"
"39","Argia pulla Hagen, 1865",-108.721198,27.244594,"gbif",2022-11-06,"3962472316"
"40","Argia pulla Hagen, 1865",-108.700672,26.8579,"gbif",2023-10-26,"4432704313"
"41","Argia pulla Hagen, 1865",-108.697206,26.90332,"gbif",2021-09-14,"3393213323"
"42","Argia pulla Hagen, 1865",-107.467095,24.763487,"gbif",2024-01-02,"4512180645"
"43","Argia pulla Hagen, 1865",-107.385197,24.823255,"gbif",2020-07-28,"3398758479"
"44","Argia pulla Hagen, 1865",-107.383647,24.815995,"gbif",2024-01-06,"4512198834"
"45","Argia pulla Hagen, 1865",-107.356406,24.810223,"gbif",2024-02-06,"4522541257"
"46","Argia pulla Hagen, 1865",-106.768297,24.412535,"gbif",2021-05-04,"3398764603"
"47","Argia pulla Hagen, 1865",-106.443272,23.299536,"gbif",2014-05-18,"1802624009"
"48","Argia pulla Hagen, 1865",-106.443,23.299,"gbif",2021-09-03,"3398999871"
"49","Argia pulla Hagen, 1865",-106.441503,23.299771,"gbif",2021-03-29,"3384742063"
"50","Argia pulla Hagen, 1865",-106.440779,23.299216,"gbif",2018-07-27,"1891307211"
"51","Argia pulla Hagen, 1865",-106.44076,23.300126,"gbif",2018-11-18,"1993711080"
"52","Argia pulla Hagen, 1865",-106.438144,23.300425,"gbif",2021-10-08,"3398761958"
"53","Argia pulla Hagen, 1865",-106.438057,23.300418,"gbif",2014-11-26,"1978811629"
"54","Argia pulla Hagen, 1865",-106.437691,23.300278,"gbif",2019-11-20,"3859205429"
"55","Argia pulla Hagen, 1865",-106.372789,23.63857,"gbif",2019-04-28,"2244214905"
"56","Argia pulla Hagen, 1865",-106.358618,23.638712,"gbif",2021-05-02,"3113282838"
"57","Argia pulla Hagen, 1865",-105.532482,22.347754,"gbif",NA,"2629041203"
"58","Argia pulla Hagen, 1865",-105.53125,20.77601,"gbif",2012-11-13,"3035005957"
"59","Argia pulla Hagen, 1865",-105.466256,20.437203,"gbif",2017-01-09,"1880586167"
"60","Argia pulla Hagen, 1865",-105.463257,20.575882,"gbif",2018-01-09,"2557629687"
"61","Argia pulla Hagen, 1865",-105.44847,20.48822,"gbif",2019-02-27,"3034941448"
"62","Argia pulla Hagen, 1865",-105.441542,20.48832,"gbif",2014-01-31,"3873266312"
"63","Argia pulla Hagen, 1865",-105.440949,20.487934,"gbif",2018-03-01,"1880462575"
"64","Argia pulla Hagen, 1865",-105.440128,20.487472,"gbif",2019-02-26,"2557634136"
"65","Argia pulla Hagen, 1865",-105.440095,20.487566,"gbif",2022-11-14,"3986075036"
"66","Argia pulla Hagen, 1865",-105.439339,20.486903,"gbif",2018-02-02,"2557628947"
"67","Argia pulla Hagen, 1865",-105.438721,20.486362,"gbif",2020-02-26,"2596269918"
"68","Argia pulla Hagen, 1865",-105.435793,20.484306,"gbif",2019-03-12,"2236229824"
"69","Argia pulla Hagen, 1865",-105.428624,20.480526,"gbif",2018-02-12,"2557628980"
"70","Argia pulla Hagen, 1865",-105.428455,20.480497,"gbif",2019-02-23,"2626120414"
"71","Argia pulla Hagen, 1865",-105.428195,20.480928,"gbif",2018-01-18,"1890031844"
"72","Argia pulla Hagen, 1865",-105.428152,20.480526,"gbif",2018-02-22,"2557629115"
"73","Argia pulla Hagen, 1865",-105.383597,20.269075,"gbif",2017-01-04,"1883466038"
"74","Argia pulla Hagen, 1865",-105.363693,22.493959,"gbif",NA,"1978282352"
"75","Argia pulla Hagen, 1865",-105.361036,22.498717,"gbif",1923-11-03,"1142494531"
"76","Argia pulla Hagen, 1865",-105.354404,22.495523,"gbif",NA,"2629040404"
"77","Argia pulla Hagen, 1865",-105.3521,20.3383,"gbif",2014-04-11,"1042812376"
"78","Argia pulla Hagen, 1865",-105.347725,20.340878,"gbif",2015-12-30,"1880543027"
"79","Argia pulla Hagen, 1865",-105.345047,20.338756,"gbif",2015-12-25,"1257409219"
"80","Argia pulla Hagen, 1865",-105.31888,20.34278,"gbif",1994-07-24,"4168899272"
"81","Argia pulla Hagen, 1865",-105.28312,21.53967,"gbif",1963-12-19,"1060948614"
"82","Argia pulla Hagen, 1865",-105.271188,21.542401,"gbif",2017-08-09,"3384655904"
"83","Argia pulla Hagen, 1865",-105.265997,20.695731,"gbif",NA,"2629040530"
"84","Argia pulla Hagen, 1865",-105.227826,21.574568,"gbif",NA,"2629042258"
"85","Argia pulla Hagen, 1865",-105.212476,21.602735,"gbif",NA,"2629040937"
"86","Argia pulla Hagen, 1865",-105.179444,21.490278,"gbif",1981-03-14,"2629164051"
"87","Argia pulla Hagen, 1865",-105.17944,19.65583,"gbif",1988-05-02,"4169056098"
"88","Argia pulla Hagen, 1865",-105.179012,21.489961,"gbif",NA,"2629041120"
"89","Argia pulla Hagen, 1865",-105.158333,21.503889,"gbif",1982-04-22,"2629165577"
"90","Argia pulla Hagen, 1865",-105.143548,21.45242,"gbif",NA,"2629040715"
"91","Argia pulla Hagen, 1865",-105.143278,21.509542,"gbif",NA,"2629043091"
"92","Argia pulla Hagen, 1865",-105.142248,21.451966,"gbif",NA,"2629040663"
"93","Argia pulla Hagen, 1865",-105.119167,21.536389,"gbif",1982-04-29,"2629164718"
"94","Argia pulla Hagen, 1865",-105.116658,21.542848,"gbif",NA,"2629041609"
"95","Argia pulla Hagen, 1865",-105.094201,21.659526,"gbif",NA,"2629040416"
"96","Argia pulla Hagen, 1865",-105.08158,21.70139,"gbif",1948-11-26,"1061054330"
"97","Argia pulla Hagen, 1865",-105.07333,19.5275,"gbif",1996-10-21,"4168897185"
"98","Argia pulla Hagen, 1865",-105.066187,22.35253,"gbif",NA,"2629041278"
"99","Argia pulla Hagen, 1865",-105.0414,19.49665,"gbif",1988-12-12,"4168897226"
"100","Argia pulla Hagen, 1865",-105.032222,21.643889,"gbif",1982-04-17,"2629165318"
"101","Argia pulla Hagen, 1865",-105.0125,21.0175,"gbif",NA,"2629041089"
"102","Argia pulla Hagen, 1865",-105.01,21.018611,"gbif",NA,"2629042765"
"103","Argia pulla Hagen, 1865",-104.96194,19.405,"gbif",1996-06-22,"4168893162"
"104","Argia pulla Hagen, 1865",-104.9171,21.491002,"gbif",NA,"2629040913"
"105","Argia pulla Hagen, 1865",-104.899525,21.43253,"gbif",1981-03-17,"2629163974"
"106","Argia pulla Hagen, 1865",-104.895691,21.509505,"gbif",NA,"1978282085"
"107","Argia pulla Hagen, 1865",-104.88936,21.5008,"gbif",1940-06-24,"1061054311"
"108","Argia pulla Hagen, 1865",-104.872534,21.614151,"gbif",1923-11-05,"1142494514"
"109","Argia pulla Hagen, 1865",-104.859737,21.476882,"gbif",2019-09-28,"3391324317"
"110","Argia pulla Hagen, 1865",-104.858439,21.479289,"gbif",2019-11-23,"2611071455"
"111","Argia pulla Hagen, 1865",-104.858119,21.482118,"gbif",2021-07-11,"3384280877"
"112","Argia pulla Hagen, 1865",-104.818024,19.306637,"gbif",2021-04-11,"3109298505"
"113","Argia pulla Hagen, 1865",-104.727,21.838,"gbif",1999-02-27,"4169137770"
"114","Argia pulla Hagen, 1865",-104.573001,21.361857,"gbif",NA,"2629041700"
"115","Argia pulla Hagen, 1865",-104.544184,21.380687,"gbif",NA,"2629041058"
"116","Argia pulla Hagen, 1865",-104.463884,21.369705,"gbif",NA,"2629042623"
"117","Argia pulla Hagen, 1865",-104.438851,19.603907,"gbif",2020-12-08,"2999105063"
"118","Argia pulla Hagen, 1865",-104.363885,19.456862,"gbif",2017-10-04,"1880673080"
"119","Argia pulla Hagen, 1865",-104.228328,19.818155,"gbif",2023-09-11,"4413899876"
"120","Argia pulla Hagen, 1865",-104.1374,19.80578,"gbif",1997-08-02,"4169056149"
"121","Argia pulla Hagen, 1865",-104.125,19.12845,"gbif",2002-05-19,"4169071115"
"122","Argia pulla Hagen, 1865",-104.079014,20.900971,"gbif",2022-10-06,"3994317581"
"123","Argia pulla Hagen, 1865",-104.07895,20.900941,"gbif",2022-10-06,"3994116566"
"124","Argia pulla Hagen, 1865",-104.05925,19.7511,"gbif",1997-04-01,"4168909303"
"125","Argia pulla Hagen, 1865",-104.0554,19.79357,"gbif",1997-01-08,"4169053141"
"126","Argia pulla Hagen, 1865",-104.02077,19.81593,"gbif",1997-02-08,"4168897193"
"127","Argia pulla Hagen, 1865",-103.891018,20.22975,"gbif",NA,"1978283016"
"128","Argia pulla Hagen, 1865",-103.872062,20.669957,"gbif",2019-11-17,"3858193449"
"129","Argia pulla Hagen, 1865",-103.871613,20.669007,"gbif",2017-07-30,"1586153016"
"130","Argia pulla Hagen, 1865",-103.871595,20.668898,"gbif",2019-05-26,"2251936682"
"131","Argia pulla Hagen, 1865",-103.87136,20.669501,"gbif",2019-11-17,"2465146299"
"132","Argia pulla Hagen, 1865",-103.871215,20.669621,"gbif",2019-11-17,"2460158665"
"133","Argia pulla Hagen, 1865",-103.87121,20.669485,"gbif",2020-05-01,"2619893990"
"134","Argia pulla Hagen, 1865",-103.870816,20.669763,"gbif",2019-05-26,"2626227384"
"135","Argia pulla Hagen, 1865",-103.870773,20.669728,"gbif",2019-05-26,"2251936204"
"136","Argia pulla Hagen, 1865",-103.870518,20.669609,"gbif",2015-06-06,"1880661192"
"137","Argia pulla Hagen, 1865",-103.850611,20.643032,"gbif",2017-07-30,"3328057675"
"138","Argia pulla Hagen, 1865",-103.845942,20.689687,"gbif",2019-06-18,"3399099426"
"139","Argia pulla Hagen, 1865",-103.844627,20.687092,"gbif",2019-06-18,"2269309804"
"140","Argia pulla Hagen, 1865",-103.842475,20.687997,"gbif",2020-07-17,"2862512416"
"141","Argia pulla Hagen, 1865",-103.841894,20.688881,"gbif",2014-10-09,"1837094955"
"142","Argia pulla Hagen, 1865",-103.841786,20.68853,"gbif",2016-08-22,"3391378304"
"143","Argia pulla Hagen, 1865",-103.823159,20.36558,"gbif",NA,"1978283064"
"144","Argia pulla Hagen, 1865",-103.798,19.4197,"gbif",2003-07-24,"4169071039"
"145","Argia pulla Hagen, 1865",-103.75722,19.00333,"gbif",2006-11-25,"1421491303"
"146","Argia pulla Hagen, 1865",-103.7572,19.0033,"gbif",2006-11-25,"4169060010"
"147","Argia pulla Hagen, 1865",-103.757,19.00347,"gbif",2006-11-25,"4168892493"
"148","Argia pulla Hagen, 1865",-103.746458,20.89588,"gbif",2022-09-24,"4011533585"
"149","Argia pulla Hagen, 1865",-103.737,18.8655,"gbif",2003-07-21,"4168983145"
"150","Argia pulla Hagen, 1865",-103.72475,19.05428,"gbif",2006-06-26,"4168962560"
"151","Argia pulla Hagen, 1865",-103.72472,19.05417,"gbif",2006-04-26,"1421493039"
"152","Argia pulla Hagen, 1865",-103.7247,19.0542,"gbif",2006-04-26,"4168909191"
"153","Argia pulla Hagen, 1865",-103.72392,19.05317,"gbif",2006-04-26,"4168957495"
"154","Argia pulla Hagen, 1865",-103.72281,19.05942,"gbif",2006-04-28,"4168962554"
"155","Argia pulla Hagen, 1865",-103.7228,19.0594,"gbif",2006-04-28,"4169132126"
"156","Argia pulla Hagen, 1865",-103.72278,19.05944,"gbif",2006-04-28,"1421486799"
"157","Argia pulla Hagen, 1865",-103.71361,19.02556,"gbif",2006-10-25,"1421489506"
"158","Argia pulla Hagen, 1865",-103.71361,19.02567,"gbif",2006-10-25,"4168890171"
"159","Argia pulla Hagen, 1865",-103.7136,19.0256,"gbif",2006-10-25,"4169092395"
"160","Argia pulla Hagen, 1865",-103.70675,19.01103,"gbif",2006-07-30,"4169119596"
"161","Argia pulla Hagen, 1865",-103.7067,19.0111,"gbif",2006-07-30,"4168903285"
"162","Argia pulla Hagen, 1865",-103.70667,19.01111,"gbif",2006-07-30,"1421491721"
"163","Argia pulla Hagen, 1865",-103.704,18.98617,"gbif",2006-11-27,"4168898590"
"164","Argia pulla Hagen, 1865",-103.70375,18.98617,"gbif",2006-04-27,"4168965507"
"165","Argia pulla Hagen, 1865",-103.70361,18.98611,"gbif",2006-04-27,"1421489924"
"166","Argia pulla Hagen, 1865",-103.7036,18.9861,"gbif",2006-04-27,"4168917407"
"167","Argia pulla Hagen, 1865",-103.689688,18.662576,"gbif",NA,"2629041243"
"168","Argia pulla Hagen, 1865",-103.676683,18.673383,"gbif",2006-01-20,"2629306710"
"169","Argia pulla Hagen, 1865",-103.617701,20.69803,"gbif",2021-03-27,"3070733762"
"170","Argia pulla Hagen, 1865",-103.613538,20.691497,"gbif",2022-01-02,"3873028535"
"171","Argia pulla Hagen, 1865",-103.612267,20.690356,"gbif",2020-10-19,"2963957728"
"172","Argia pulla Hagen, 1865",-103.373217,18.756167,"gbif",2005-07-09,"2629308863"
"173","Argia pulla Hagen, 1865",-103.361136,18.75579,"gbif",NA,"2629041810"
"174","Argia pulla Hagen, 1865",-103.326795,20.743793,"gbif",2023-11-02,"4439024127"
"175","Argia pulla Hagen, 1865",-103.326766,20.74372,"gbif",2023-11-02,"4438826140"
"176","Argia pulla Hagen, 1865",-103.326764,20.743719,"gbif",2023-11-02,"4438830131"
"177","Argia pulla Hagen, 1865",-103.326748,20.743733,"gbif",2023-11-02,"4438850155"
"178","Argia pulla Hagen, 1865",-103.326674,20.743813,"gbif",2023-11-02,"4438842075"
"179","Argia pulla Hagen, 1865",-103.325713,20.743704,"gbif",2023-07-06,"4153515469"
"180","Argia pulla Hagen, 1865",-103.222983,18.746867,"gbif",2005-04-02,"2629312427"
"181","Argia pulla Hagen, 1865",-103.21848,18.745513,"gbif",NA,"2629042053"
"182","Argia pulla Hagen, 1865",-103.024267,19.008733,"gbif",2006-01-24,"2629309386"
"183","Argia pulla Hagen, 1865",-103.012035,19.017921,"gbif",NA,"2629040353"
"184","Argia pulla Hagen, 1865",-102.794783,18.72505,"gbif",2005-11-13,"2629321591"
"185","Argia pulla Hagen, 1865",-102.776745,18.732001,"gbif",NA,"2629041110"
"186","Argia pulla Hagen, 1865",-102.463111,19.103444,"gbif",2006-01-15,"2629310227"
"187","Argia pulla Hagen, 1865",-102.351225,19.093081,"gbif",NA,"1978284556"
"188","Argia pulla Hagen, 1865",-102.342975,19.076229,"gbif",NA,"1978282240"
"189","Argia pulla Hagen, 1865",-102.23584,19.141754,"gbif",2020-12-18,"3018096218"
"190","Argia pulla Hagen, 1865",-102.225833,19.059167,"gbif",NA,"2629041049"
"191","Argia pulla Hagen, 1865",-101.832024,19.19427,"gbif",NA,"1978284550"
"192","BOLD:AEJ5793",-101.554,23.8744,"gbif",2005-04-03,"2249884056"
"193","Argia pulla Hagen, 1865",-101.525157,17.653462,"gbif",2021-02-27,"3455663127"
"194","Argia pulla Hagen, 1865",-101.119,19.2405,"gbif",1988-06-03,"4169059075"
"195","Argia pulla Hagen, 1865",-100.897,18.6269,"gbif",1988-06-03,"4168970175"
"196","Argia pulla Hagen, 1865",-100.583293,18.667575,"gbif",2020-08-01,"2629041441"
"197","Argia pulla Hagen, 1865",-100.43553,18.781114,"gbif",2020-08-01,"2629041157"
"198","Argia pulla Hagen, 1865",-100.39917,18.31778,"gbif",1980-07-14,"4168977539"
"199","Argia pulla Hagen, 1865",-100.307231,18.810817,"gbif",2020-08-01,"2629041283"
"200","Argia pulla Hagen, 1865",-100.265731,18.838688,"gbif",2020-08-01,"2629040708"
"201","Argia pulla Hagen, 1865",-100.218136,25.678002,"gbif",2021-07-17,"3384621831"
"202","Argia pulla Hagen, 1865",-100.134466,25.398343,"gbif",2016-09-29,"1571066104"
"203","Argia pulla Hagen, 1865",-99.952303,19.717768,"gbif",2020-08-01,"2629041676"
"204","Argia pulla Hagen, 1865",-99.464,17.3616,"gbif",1987-03-27,"4168969569"
"205","Argia pulla Hagen, 1865",-99.46289,17.35819,"gbif",2009-04-04,"4168958052"
"206","Argia pulla Hagen, 1865",-99.395855,21.948738,"gbif",2019-07-17,"2294661749"
"207","Argia pulla Hagen, 1865",-99.394975,21.949142,"gbif",2019-07-17,"2294662309"
"208","Argia pulla Hagen, 1865",-99.358664,18.724064,"gbif",NA,"2629043049"
"209","Argia pulla Hagen, 1865",-99.349299,18.772402,"gbif",NA,"2629041761"
"210","Argia pulla Hagen, 1865",-99.346163,18.5747,"gbif",2018-08-05,"1891327687"
"211","Argia pulla Hagen, 1865",-99.342153,18.617424,"gbif",NA,"2629043072"
"212","Argia pulla Hagen, 1865",-99.30293,18.583009,"gbif",NA,"2629041435"
"213","Argia pulla Hagen, 1865",-99.302845,18.582631,"gbif",1985-05-15,"2629042865"
"214","Argia pulla Hagen, 1865",-99.295183,18.611922,"gbif",2017-08-26,"3039370317"
"215","Argia pulla Hagen, 1865",-99.279736,18.834031,"gbif",NA,"2629042852"
"216","Argia pulla Hagen, 1865",-99.27588,18.549425,"gbif",2020-07-01,"2629042151"
"217","Argia pulla Hagen, 1865",-99.270833,18.559444,"gbif",2001-05-23,"2629315836"
"218","Argia pulla Hagen, 1865",-99.268823,18.54688,"gbif",2009-06-19,"4413397646"
"219","Argia pulla Hagen, 1865",-99.258736,18.735288,"gbif",NA,"2629041580"
"220","Argia pulla Hagen, 1865",-99.246284,18.766091,"gbif",NA,"2629042269"
"221","Argia pulla Hagen, 1865",-99.242917,18.699898,"gbif",NA,"2629041281"
"222","Argia pulla Hagen, 1865",-99.236944,18.562222,"gbif",2002-04-04,"2629310685"
"223","Argia pulla Hagen, 1865",-99.236031,18.560653,"gbif",NA,"2629043004"
"224","Argia pulla Hagen, 1865",-99.2341,18.8065,"gbif",1965-08-01,"1319023980"
"225","Argia pulla Hagen, 1865",-99.2319,18.7636,"gbif",NA,"1317282086"
"226","Argia pulla Hagen, 1865",-99.229722,18.781667,"gbif",2002-10-03,"2629307041"
"227","Argia pulla Hagen, 1865",-99.21499,17.41291,"gbif",1987-03-29,"4168977546"
"228","Argia pulla Hagen, 1865",-99.180556,18.5775,"gbif",1981-09-12,"2629164123"
"229","Argia pulla Hagen, 1865",-99.180278,18.614722,"gbif",1981-10-08,"2629163955"
"230","Argia pulla Hagen, 1865",-99.155456,16.818195,"gbif",2022-01-11,"4407287461"
"231","Argia pulla Hagen, 1865",-99.15,17.4333,"gbif",1983-06-26,"4169071113"
"232","Argia pulla Hagen, 1865",-99.1325,18.055,"gbif",NA,"2629041029"
"233","Argia pulla Hagen, 1865",-99.119539,18.728682,"gbif",2019-12-11,"2596442958"
"234","Argia pulla Hagen, 1865",-99.112124,18.731607,"gbif",NA,"2629041356"
"235","Argia pulla Hagen, 1865",-99.100068,18.560945,"gbif",NA,"2629041797"
"236","Argia pulla Hagen, 1865",-99.097197,18.823568,"gbif",NA,"2629041882"
"237","Argia pulla Hagen, 1865",-99.062423,18.88306,"gbif",NA,"2629042112"
"238","Argia pulla Hagen, 1865",-99.03374,18.45019,"gbif",1996-01-14,"4168889541"
"239","Argia pulla Hagen, 1865",-99.025,18.905278,"gbif",2001-03-17,"2629311576"
"240","Argia pulla Hagen, 1865",-99.020718,18.90756,"gbif",NA,"2629042136"
"241","Argia pulla Hagen, 1865",-99.0197,18.51,"gbif",1996-08-01,"4169168586"
"242","Argia pulla Hagen, 1865",-99.0186,21.9869,"gbif",2007-07-05,"4169070524"
"243","Argia pulla Hagen, 1865",-99.009863,18.633084,"gbif",NA,"2629041860"
"244","Argia pulla Hagen, 1865",-98.996111,18.620556,"gbif",2002-10-04,"2629307393"
"245","Argia pulla Hagen, 1865",-98.995466,18.621684,"gbif",1996-10-25,"2629315525"
"246","Argia pulla Hagen, 1865",-98.98348,18.45018,"gbif",1995-11-17,"4168972522"
"247","Argia pulla Hagen, 1865",-98.98348,18.46668,"gbif",1995-11-17,"4169118568"
"248","Argia pulla Hagen, 1865",-98.98348,18.46685,"gbif",1995-11-17,"4169052587"
"249","Argia pulla Hagen, 1865",-98.981944,18.884167,"gbif",2002-04-03,"2629308419"
"250","Argia pulla Hagen, 1865",-98.981111,21.451667,"gbif",1999-08-18,"1895794131"
"251","Argia pulla Hagen, 1865",-98.9811,21.45166,"gbif",1999-08-18,"4168977730"
"252","Argia pulla Hagen, 1865",-98.9731,18.463,"gbif",1996-08-08,"4168982420"
"253","Argia pulla Hagen, 1865",-98.968333,21.719167,"gbif",1999-08-21,"1895794074"
"254","Argia pulla Hagen, 1865",-98.96689,18.46687,"gbif",1995-11-20,"4168896519"
"255","Argia pulla Hagen, 1865",-98.934747,18.716213,"gbif",NA,"2629042319"
"256","Argia pulla Hagen, 1865",-98.787844,18.524697,"gbif",1986-11-07,"2629041117"
"257","Argia pulla Hagen, 1865",-98.781837,18.514201,"gbif",NA,"2629041470"
"258","Argia pulla Hagen, 1865",-98.45,20.4,"gbif",1957-08-31,"1932447180"
"259","Argia pulla Hagen, 1865",-98.386305,21.162044,"gbif",2021-10-24,"3408160834"
"260","Argia pulla Hagen, 1865",-98.38,20.52,"gbif",1957-08-31,"1932447848"
"261","Argia pulla Hagen, 1865",-98.379456,21.150879,"gbif",2021-10-24,"3399022411"
"262","Argia pulla Hagen, 1865",-97.990959,17.642262,"gbif",2017-06-20,"2629785474"
"263","Argia pulla Hagen, 1865",-97.971973,20.276746,"gbif",NA,"2629040323"
"264","Argia pulla Hagen, 1865",-97.962675,20.514044,"gbif",2020-02-10,"2629040681"
"265","Argia pulla Hagen, 1865",-97.918333,21.156667,"gbif",1965-09-09,"1894803277"
"266","Argia pulla Hagen, 1865",-97.862865,20.238589,"gbif",NA,"2629041826"
"267","Argia pulla Hagen, 1865",-97.853,20.2489,"gbif",2002-05-04,"4168982945"
"268","Argia pulla Hagen, 1865",-97.84,20.5,"gbif",1957-08-31,"1932447175"
"269","Argia pulla Hagen, 1865",-97.78,21.97,"gbif",1957-08-09,"1932447281"
"270","Argia pulla Hagen, 1865",-97.74,21.86,"gbif",1957-08-09,"1932447874"
"271","Argia pulla Hagen, 1865",-97.7363,20.455,"gbif",1957-08-31,"1932447251"
"272","Argia pulla Hagen, 1865",-97.73,21.92,"gbif",1957-08-09,"1932447876"
"273","Argia pulla Hagen, 1865",-97.499778,20.946789,"gbif",2012-09-15,"3391353305"
"274","Argia pulla Hagen, 1865",-96.9908,18.9012,"gbif",1957-08-15,"1932447854"
"275","Argia pulla Hagen, 1865",-96.947883,17.754777,"gbif",2023-07-25,"4405119568"
"276","Argia pulla Hagen, 1865",-96.94444,17.77222,"gbif",1998-03-25,"4169055390"
"277","Argia pulla Hagen, 1865",-96.9444,17.77222,"gbif",1998-04-22,"4168896444"
"278","Argia pulla Hagen, 1865",-96.926667,19.373333,"gbif",1983-07-25,"1894803169"
"279","Argia pulla Hagen, 1865",-96.91167,17.64833,"gbif",1998-01-23,"4169118449"
"280","Argia pulla Hagen, 1865",-96.91167,17.64889,"gbif",1998-01-22,"4168892530"
"281","Argia pulla Hagen, 1865",-96.910988,17.648398,"gbif",NA,"2629041285"
"282","Argia pulla Hagen, 1865",-96.854448,18.852338,"gbif",1976-08-12,"1894803199"
"283","Argia pulla Hagen, 1865",-96.8104,19.2083,"gbif",1957-08-31,"1932447106"
"284","Argia pulla Hagen, 1865",-96.809046,18.835939,"gbif",1976-08-12,"1894803159"
"285","Argia pulla Hagen, 1865",-96.787448,19.207177,"gbif",NA,"1978282687"
"286","Argia pulla Hagen, 1865",-96.7837,19.2245,"gbif",1957-08-11,"1932447850"
"287","Argia pulla Hagen, 1865",-96.766667,18.9,"gbif",NA,"1894803195"
"288","Argia pulla Hagen, 1865",-96.7228,18.8119,"gbif",NA,"1322871623"
"289","Argia pulla Hagen, 1865",-96.716667,18.8,"gbif",1965-07-24,"1894803225"
"290","Argia pulla Hagen, 1865",-96.653,19.4028,"gbif",1965-07-23,"1318146351"
"291","Argia pulla Hagen, 1865",-96.633333,19.383333,"gbif",1980-05-04,"1894803152"
"292","Argia pulla Hagen, 1865",-96.612281,15.698608,"gbif",2024-01-29,"4519102962"
"293","Argia pulla Hagen, 1865",-96.608592,15.700483,"gbif",2019-04-11,"2237428182"
"294","Argia pulla Hagen, 1865",-96.509705,17.13496,"gbif",NA,"1978284508"
"295","Argia pulla Hagen, 1865",-96.48483,19.32353,"gbif",1975-09-30,"1060948496"
"296","Argia pulla Hagen, 1865",-96.4815,19.3292,"gbif",1966-07-31,"1317473428"
"297","Argia pulla Hagen, 1865",-96.45,18.766667,"gbif",1976-08-20,"1894803223"
"298","Argia pulla Hagen, 1865",-96.45,19.333333,"gbif",1980-05-03,"1894803219"
"299","Argia pulla Hagen, 1865",-96.433333,19.766667,"gbif",1980-05-05,"1894803296"
"300","Argia pulla Hagen, 1865",-96.432358,19.286123,"gbif",2020-05-12,"3079668830"
"301","Argia pulla Hagen, 1865",-96.432342,19.286117,"gbif",2020-05-12,"3079572813"
"302","Argia pulla Hagen, 1865",-96.429429,19.290174,"gbif",2019-05-04,"3079792600"
"303","Argia pulla Hagen, 1865",-96.428666,19.29207,"gbif",2020-05-12,"3079490812"
"304","Argia pulla Hagen, 1865",-96.416667,19.266667,"gbif",1992-06-21,"1894803210"
"305","Argia pulla Hagen, 1865",-96.38781,18.83775,"gbif",1962-06-23,"1060948475"
"306","Argia pulla Hagen, 1865",-96.383333,19.416667,"gbif",NA,"1894803149"
"307","Argia pulla Hagen, 1865",-96.374756,15.868883,"gbif",2022-01-11,"3922617321"
"308","Argia pulla Hagen, 1865",-96.36351,15.851442,"gbif",2022-01-15,"3922615304"
"309","Argia pulla Hagen, 1865",-96.361389,18.446667,"gbif",1965-08-14,"1894803221"
"310","Argia pulla Hagen, 1865",-96.357254,15.841054,"gbif",2022-01-11,"3922620303"
"311","Argia pulla Hagen, 1865",-96.305957,18.112267,"gbif",2017-01-04,"1453333968"
"312","Argia pulla Hagen, 1865",-96.298,15.74956,"gbif",2005-02-12,"4169160581"
"313","Argia pulla Hagen, 1865",-96.2978,15.7494,"gbif",2005-02-12,"4168909112"
"314","Argia pulla Hagen, 1865",-96.29778,15.74944,"gbif",2005-02-12,"1421491040"
"315","Argia pulla Hagen, 1865",-96.297504,15.751466,"gbif",2022-01-10,"3922620312"
"316","Argia pulla Hagen, 1865",-96.28,18.37,"gbif",1957-08-18,"1932448202"
"317","Argia pulla Hagen, 1865",-96.266433,17.800803,"gbif",2023-03-21,"4076298041"
"318","Argia pulla Hagen, 1865",-96.25,18.3,"gbif",1957-08-18,"1932447480"
"319","Argia pulla Hagen, 1865",-96.23467,15.77269,"gbif",2005-11-04,"4168898583"
"320","Argia pulla Hagen, 1865",-96.23444,15.7725,"gbif",2005-11-04,"1421489827"
"321","Argia pulla Hagen, 1865",-96.2344,15.7725,"gbif",2005-11-04,"4169059982"
"322","Argia pulla Hagen, 1865",-96.2231,15.8378,"gbif",2005-11-04,"4169059983"
"323","Argia pulla Hagen, 1865",-96.22308,15.83778,"gbif",2005-11-04,"4168892499"
"324","Argia pulla Hagen, 1865",-96.22306,15.83778,"gbif",2005-11-04,"1421486661"
"325","Argia pulla Hagen, 1865",-96.20864,15.77947,"gbif",2005-07-09,"4168962533"
"326","Argia pulla Hagen, 1865",-96.20861,15.77944,"gbif",2005-07-09,"1421486962"
"327","Argia pulla Hagen, 1865",-96.2086,15.7794,"gbif",2005-07-09,"4168984113"
"328","Argia pulla Hagen, 1865",-96.2,18.4,"gbif",1957-08-18,"1932447511"
"329","Argia pulla Hagen, 1865",-96.18,18.38,"gbif",1957-08-26,"1932447484"
"330","Argia pulla Hagen, 1865",-96.17589,15.81628,"gbif",2005-02-15,"4168957506"
"331","Argia pulla Hagen, 1865",-96.17583,15.81611,"gbif",2005-02-15,"1421484048"
"332","Argia pulla Hagen, 1865",-96.1758,15.8161,"gbif",2005-02-15,"4169061254"
"333","Argia pulla Hagen, 1865",-96.1678,15.8058,"gbif",2005-09-03,"4168984140"
"334","Argia pulla Hagen, 1865",-96.16778,15.80583,"gbif",2005-09-03,"1421491943"
"335","Argia pulla Hagen, 1865",-96.16778,15.80594,"gbif",2005-09-03,"4169117525"
"336","Argia pulla Hagen, 1865",-96.1126,15.775888,"gbif",2019-08-30,"2423037606"
"337","Argia pulla Hagen, 1865",-95.455278,18.323611,"gbif",NA,"2629040637"
"338","Argia pulla Hagen, 1865",-95.247662,16.318534,"gbif",NA,"1978284188"
"339","Argia pulla Hagen, 1865",-95.238968,16.32199,"gbif",NA,"1978282221"
"340","Argia pulla Hagen, 1865",-95.23382,16.330166,"gbif",NA,"1978282428"
"341","Argia pulla Hagen, 1865",-95.198333,18.388333,"gbif",1977-12-01,"1894803262"
"342","Argia pulla Hagen, 1865",-95.190217,18.320347,"gbif",NA,"1978284570"
"343","Argia pulla Hagen, 1865",-95.133333,18.6,"gbif",1986-02-21,"1894803205"
"344","Argia pulla Hagen, 1865",-95.125924,18.41902,"gbif",NA,"2629041020"
"345","Argia pulla Hagen, 1865",-95.120007,18.42953,"gbif",NA,"1978282404"
"346","Argia pulla Hagen, 1865",-95.116667,18.1,"gbif",1963-07-04,"1894803311"
"347","Argia pulla Hagen, 1865",-95.1,18.566667,"gbif",1986-02-17,"1894803272"
"348","Argia pulla Hagen, 1865",-95.093333,18.593611,"gbif",1985-11-12,"1894803213"
"349","Argia pulla Hagen, 1865",-95.0669575,18.5869414,"gbif",1985-08-28,"1894803319"
"350","Argia pulla Hagen, 1865",-95.066667,18.566667,"gbif",1977-06-21,"1894803243"
"351","Argia pulla Hagen, 1865",-95.066667,18.583333,"gbif",1984-03-20,"1894803275"
"352","Argia pulla Hagen, 1865",-95.031667,18.5,"gbif",1977-10-22,"1894803204"
"353","Argia pulla Hagen, 1865",-94.980275,16.551664,"gbif",2023-01-19,"4022049839"
"354","Argia pulla Hagen, 1865",-94.959862,17.881911,"gbif",NA,"1978282202"
"355","Argia pulla Hagen, 1865",-94.873727,16.586495,"gbif",2023-03-13,"4075557908"
"356","Argia pulla Hagen, 1865",-94.873635,16.58528,"gbif",2023-03-13,"4080674526"
"357","Argia pulla Hagen, 1865",-94.296667,18.15,"gbif",1965-07-02,"1894803256"
"358","Argia pulla Hagen, 1865",-94.1339,16.3908,"gbif",1966-06-09,"1319830227"
"359","Argia pulla Hagen, 1865",-93.5435,16.6863,"gbif",1975-12-09,"1317966701"
"360","Argia pulla Hagen, 1865",-93.49,16.78028,"gbif",1993-07-14,"4168963091"
"361","Argia pulla Hagen, 1865",-93.258942,16.228526,"gbif",2019-12-21,"3391359335"
"362","Argia pulla Hagen, 1865",-93.176129,16.753606,"gbif",2020-10-06,"2988544413"
"363","Argia pulla Hagen, 1865",-93.038513,16.733241,"gbif",NA,"1978284149"
"364","Argia pulla Hagen, 1865",-92.927352,17.980176,"gbif",2020-08-16,"3391412366"
"365","Argia pulla Hagen, 1865",-92.925803,17.982046,"gbif",2020-11-10,"3391721378"
"366","Argia pulla Hagen, 1865",-92.619722,15.359558,"gbif",NA,"1978282077"
"367","Argia pulla Hagen, 1865",-92.30533,14.85133,"gbif",1996-10-29,"4169161128"
"368","Argia pulla Hagen, 1865",-92.30046,14.666325,"gbif",NA,"1978284504"
"369","Argia pulla Hagen, 1865",-92.27816,14.908279,"gbif",2020-10-22,"3399163506"
"370","Argia pulla Hagen, 1865",-92.258542,14.914353,"gbif",2020-05-16,"2626458811"
"371","Argia pulla Hagen, 1865",-92.257657,14.915226,"gbif",2021-05-12,"4442373415"
"372","Argia pulla Hagen, 1865",-92.24307,14.99067,"gbif",1983-04-21,"4169046967"
"373","Argia pulla Hagen, 1865",-92.14923,17.06286,"gbif",1985-01-30,"4168966020"
"374","Argia pulla Hagen, 1865",-92.133333,15.5,"gbif",NA,"1978282315"
"375","Argia pulla Hagen, 1865",-92.0961,14.8556,"gbif",1966-06-15,"1320644412"
"376","Argia pulla Hagen, 1865",-92.08261,15.06739,"gbif",1985-03-26,"4169118083"
"377","Argia pulla Hagen, 1865",-91.929733,17.433851,"gbif",2020-11-11,"2984536960"
"378","Argia pulla Hagen, 1865",-91.6493,14.5317,"gbif",1966-06-16,"1321340016"
"379","Argia pulla Hagen, 1865",-91.5718,14.5412,"gbif",NA,"1317903996"
"380","Argia pulla Hagen, 1865",-91.4391,14.5491,"gbif",1966-06-18,"1320859070"
"381","Argia pulla Hagen, 1865",-91.437313,16.135388,"gbif",NA,"1978282099"
"382","Argia pulla Hagen, 1865",-91.4263,14.6169,"gbif",1966-06-11,"1317204715"
"383","Argia pulla Hagen, 1865",-91.016904,18.496357,"gbif",NA,"1978282021"
"384","Argia pulla Hagen, 1865",-90.80917,18.61222,"gbif",1984-03-24,"4168980702"
"385","Argia pulla Hagen, 1865",-90.7823,14.2971,"gbif",1905-01-31,"1318337488"
"386","Argia pulla Hagen, 1865",-90.6958,14.4104,"gbif",1966-06-21,"1320345276"
"387","Argia pulla Hagen, 1865",-90.628352,14.099151,"gbif",2021-06-04,"3302303223"
"388","Argia pulla Hagen, 1865",-90.392052,14.923936,"gbif",2022-05-22,"3802406256"
"389","Argia pulla Hagen, 1865",-90.391966,14.924142,"gbif",2022-05-22,"3802352238"
"390","Argia pulla Hagen, 1865",-90.391776,14.92427,"gbif",2022-05-22,"3802341153"
"391","Argia pulla Hagen, 1865",-90.391505,14.924623,"gbif",2022-05-22,"3802678880"
"392","Argia pulla Hagen, 1865",-90.39135,14.924915,"gbif",2022-05-22,"3802424068"
"393","Argia pulla Hagen, 1865",-90.36889,20.53417,"gbif",1982-04-26,"4168973605"
"394","Argia pulla Hagen, 1865",-90.29288,17.247216,"gbif",2023-04-06,"4091950556"
"395","Argia pulla Hagen, 1865",-89.88992,18.47633,"gbif",1997-05-01,"4168973790"
"396","Argia pulla Hagen, 1865",-89.81575,18.124083,"gbif",1997-09-22,"370312039"
"397","Argia pulla Hagen, 1865",-89.804833,18.109833,"gbif",1997-05-01,"370314795"
"398","Argia pulla Hagen, 1865",-89.702075,16.99693,"gbif",2021-11-27,"3456521615"
"399","Argia pulla Hagen, 1865",-89.681305,16.986035,"gbif",2022-10-16,"3994263901"
"400","Argia pulla Hagen, 1865",-89.594,13.5119,"gbif",1966-07-02,"1317965233"
"401","Argia pulla Hagen, 1865",-89.563912,13.977828,"gbif",2023-09-07,"4522538746"
"402","Argia pulla Hagen, 1865",-89.456611,18.2165,"gbif",1997-05-07,"370311315"
"403","Argia pulla Hagen, 1865",-89.45661,18.2165,"gbif",1997-05-07,"4169130791"
"404","Argia pulla Hagen, 1865",-89.418611,18.58925,"gbif",1997-09-26,"370314776"
"405","Argia pulla Hagen, 1865",-89.41719,18.58777,"gbif",1997-09-26,"4168980871"
"406","Argia pulla Hagen, 1865",-89.388169,15.324378,"gbif",2015-03-31,"4507798304"
"407","Argia pulla Hagen, 1865",-89.3561,15.1191,"gbif",1905-01-25,"1319215097"
"408","Argia pulla Hagen, 1865",-89.3086,13.4908,"gbif",1966-07-03,"1321249789"
"409","Argia pulla Hagen, 1865",-89.258,18.590417,"gbif",1997-04-03,"370314784"
"410","Argia pulla Hagen, 1865",-89.258,18.59042,"gbif",1997-04-30,"4169058653"
"411","Argia pulla Hagen, 1865",-89.15556,18.42084,"gbif",1997-09-22,"4168980870"
"412","Argia pulla Hagen, 1865",-89.0457,16.2003,"gbif",NA,"1317983496"
"413","Argia pulla Hagen, 1865",-88.88002,17.027032,"gbif",2020-09-09,"4091522176"
"414","Argia pulla Hagen, 1865",-88.705846,16.554826,"gbif",2015-03-18,"3759782600"
"415","Argia pulla Hagen, 1865",-88.654523,17.750748,"gbif",2021-11-12,"3455759801"
"416","Argia pulla Hagen, 1865",-88.568298,17.052858,"gbif",2023-12-16,"4522558667"
"417","Argia pulla Hagen, 1865",-88.4591,16.7804,"gbif",1993-04-06,"1320568382"
"418","Argia pulla Hagen, 1865",-88.39145,16.936171,"gbif",2014-02-07,"4080679160"
"419","Argia pulla Hagen, 1865",-87.91297,14.880657,"gbif",2020-02-15,"3061665670"
"420","Argia pulla Hagen, 1865",-87.669209,13.531453,"gbif",2020-10-17,"2901677764"
"421","Argia pulla Hagen, 1865",-87.456753,15.740492,"gbif",2023-08-28,"4407505307"
"422","Argia pulla Hagen, 1865",-87.07744,14.017193,"gbif",2021-07-31,"3337434886"
"423","Argia pulla Hagen, 1865",-87.004122,14.006665,"gbif",2022-10-04,"3947760515"
"424","Argia pulla Hagen, 1865",-87.002027,14.010246,"gbif",2019-09-03,"2460136117"
"425","Argia pulla Hagen, 1865",-87.001827,14.007005,"gbif",2022-10-04,"3961211684"
"426","Argia pulla Hagen, 1865",-87.001153,14.006814,"gbif",2021-11-10,"3415676750"
"427","Argia pulla Hagen, 1865",-87.000356,14.006369,"gbif",2021-10-23,"3408098048"
"428","Argia pulla Hagen, 1865",-86.999275,14.006492,"gbif",2022-09-15,"3985693898"
"429","Argia pulla Hagen, 1865",-86.996984,14.006107,"gbif",2022-10-06,"3947762999"
"430","Argia pulla Hagen, 1865",-86.9963,14.008239,"gbif",2022-09-28,"3947713655"
"431","Argia pulla Hagen, 1865",-86.994619,14.004633,"gbif",2021-10-17,"3398992124"
"432","Argia pulla Hagen, 1865",-86.990538,13.997148,"gbif",2022-09-12,"3947346874"
"433","Argia pulla Hagen, 1865",-86.990342,13.997123,"gbif",2022-09-03,"3947759965"
"434","Argia pulla Hagen, 1865",-86.990292,14.000867,"gbif",2023-07-09,"4153737657"
"435","Argia pulla Hagen, 1865",-86.989678,14.003972,"gbif",2023-09-23,"4431062705"
"436","Argia pulla Hagen, 1865",-86.9891,14.003242,"gbif",2021-10-23,"3399367003"
"437","Argia pulla Hagen, 1865",-86.989037,14.003112,"gbif",2022-10-02,"3923600416"
"438","Argia pulla Hagen, 1865",-86.988582,14.003391,"gbif",2022-09-27,"3923567963"
"439","Argia pulla Hagen, 1865",-86.988572,14.003597,"gbif",2021-10-24,"3399356053"
"440","Argia pulla Hagen, 1865",-86.988533,14.003517,"gbif",2021-10-24,"3399311002"
"441","Argia pulla Hagen, 1865",-86.988275,14.003484,"gbif",2018-07-01,"1913168052"
"442","Argia pulla Hagen, 1865",-86.988245,14.00351,"gbif",2018-07-01,"1913168081"
"443","Argia pulla Hagen, 1865",-86.988026,14.003255,"gbif",2019-11-10,"2460034088"
"444","Argia pulla Hagen, 1865",-86.987622,13.994363,"gbif",2021-11-06,"3415422203"
"445","Argia pulla Hagen, 1865",-86.986999,13.994897,"gbif",2021-11-07,"3416147643"
"446","Argia pulla Hagen, 1865",-86.884649,15.439956,"gbif",2023-06-29,"4413650540"
"447","Argia pulla Hagen, 1865",-86.52636,13.63373,"gbif",2016-06-22,"3035007839"
"448","Argia pulla Hagen, 1865",-86.3979,13.4155,"gbif",1967-06-13,"1320027025"
"449","Argia pulla Hagen, 1865",-86.266484,11.984059,"gbif",2022-12-18,"4006629111"
"450","Argia pulla Hagen, 1865",-86.2377,12.9698,"gbif",1967-07-31,"1317903218"
"451","Argia pulla Hagen, 1865",-85.899965,14.85586,"gbif",2022-01-06,"3457122378"
"452","Argia pulla Hagen, 1865",-85.847088,14.836952,"gbif",2023-06-02,"4138264235"
"453","Argia pulla Hagen, 1865",-85.837106,10.299275,"gbif",2020-12-11,"3005185962"
"454","Argia pulla Hagen, 1865",-85.7936,12.4116,"gbif",NA,"1317489157"
"455","Argia pulla Hagen, 1865",-85.766656,10.264444,"gbif",2020-12-15,"3994217685"
"456","Argia pulla Hagen, 1865",-85.766655,10.264444,"gbif",2020-12-15,"3994116699"
"457","Argia pulla Hagen, 1865",-85.766554,10.264449,"gbif",2020-12-15,"3994229702"
"458","Argia pulla Hagen, 1865",-85.766517,10.264476,"gbif",2020-12-15,"3994148696"
"459","Argia pulla Hagen, 1865",-85.766413,10.264451,"gbif",2020-12-15,"3994147698"
"460","Argia pulla Hagen, 1865",-85.764709,10.258576,"gbif",2020-12-13,"3988456213"
"461","Argia pulla Hagen, 1865",-85.731015,10.901925,"gbif",NA,"1255911674"
"462","Argia pulla Hagen, 1865",-85.692738,10.554318,"gbif",2023-01-14,"4022346521"
"463","Argia pulla Hagen, 1865",-85.662055,10.315643,"gbif",2007-06-27,"1256502814"
"464","Argia pulla Hagen, 1865",-85.593506,11.121939,"gbif",2023-02-03,"4526605893"
"465","Argia pulla Hagen, 1865",-85.588536,10.557471,"gbif",2021-02-26,"3058989359"
"466","Argia pulla Hagen, 1865",-85.573539,10.865507,"gbif",NA,"1255911304"
"467","Argia pulla Hagen, 1865",-85.52754,11.034298,"gbif",NA,"1255911355"
"468","Argia pulla Hagen, 1865",-85.488803,10.95262,"gbif",1990-08-26,"1255911666"
"469","Argia pulla Hagen, 1865",-85.4816,11.48965,"gbif",2016-06-28,"3034870300"
"470","Argia pulla Hagen, 1865",-85.472152,10.040922,"gbif",2008-03-01,"1256502849"
"471","Argia pulla Hagen, 1865",-85.370957,10.505513,"gbif",2021-12-04,"3456277943"
"472","Argia pulla Hagen, 1865",-85.351913,10.776784,"gbif",1994-01-15,"1255911520"
"473","Argia pulla Hagen, 1865",-85.349351,10.777784,"gbif",2012-12-25,"3915370759"
"474","Argia pulla Hagen, 1865",-85.344376,10.344775,"gbif",2011-11-30,"2832273573"
"475","Argia pulla Hagen, 1865",-85.344,10.789469,"gbif",2011-11-23,"2832282599"
"476","Argia pulla Hagen, 1865",-85.343764,10.344015,"gbif",2011-11-28,"2832276522"
"477","Argia pulla Hagen, 1865",-85.334297,10.383413,"gbif",2015-06-07,"2005374256"
"478","Argia pulla Hagen, 1865",-85.32294,10.75899,"gbif",2018-03-31,"2563577670"
"479","Argia pulla Hagen, 1865",-85.322782,10.759102,"gbif",2019-05-05,"3802557100"
"480","Argia pulla Hagen, 1865",-85.322686,10.759036,"gbif",2024-01-12,"4512252821"
"481","Argia pulla Hagen, 1865",-85.319443,10.768784,"gbif",2014-03-13,"3466089768"
"482","Argia pulla Hagen, 1865",-85.3191,10.768403,"gbif",2014-03-13,"3466079793"
"483","Argia pulla Hagen, 1865",-85.298157,10.524406,"gbif",2015-06-07,"4512371681"
"484","Argia pulla Hagen, 1865",-85.297417,10.523937,"gbif",2021-08-09,"3337855999"
"485","Argia pulla Hagen, 1865",-85.28833,9.883763,"gbif",2020-12-21,"3124604566"
"486","Argia pulla Hagen, 1865",-85.269037,10.215966,"gbif",2022-12-22,"4009678803"
"487","Argia pulla Hagen, 1865",-85.253621,10.509967,"gbif",2020-02-13,"2573931934"
"488","Argia pulla Hagen, 1865",-85.2517,10.5445,"gbif",1967-07-27,"1317589435"
"489","Argia pulla Hagen, 1865",-85.249062,15.067735,"gbif",2022-08-16,"3961312670"
"490","Argia pulla Hagen, 1865",-85.248322,15.067298,"gbif",2022-08-16,"3947213722"
"491","Argia pulla Hagen, 1865",-85.196517,10.674578,"gbif",2021-12-06,"3456485640"
"492","Argia pulla Hagen, 1865",-85.1782,10.3496,"gbif",NA,"1320305459"
"493","Argia pulla Hagen, 1865",-85.173634,12.212398,"gbif",2024-01-21,"4516606040"
"494","Argia pulla Hagen, 1865",-85.143385,10.455155,"gbif",2021-12-04,"3456277940"
"495","Argia pulla Hagen, 1865",-85.14329,10.455028,"gbif",2021-12-04,"3456588990"
"496","Argia pulla Hagen, 1865",-85.143272,10.455075,"gbif",2021-12-04,"3457146098"
"497","Argia pulla Hagen, 1865",-85.14326,10.455037,"gbif",2021-12-04,"3456080532"
"498","Argia pulla Hagen, 1865",-85.137435,9.9572,"gbif",2020-06-09,"2813913078"
"499","Argia pulla Hagen, 1865",-85.13171,10.45096,"gbif",2017-07-07,"3034861022"
"500","Argia pulla Hagen, 1865",-85.12982,10.45247,"gbif",2017-07-07,"3035009505"
"501","Argia pulla Hagen, 1865",-85.12763,10.45062,"gbif",1971-02-08,"1060948487"
"502","Argia pulla Hagen, 1865",-84.928404,10.688262,"gbif",2020-11-25,"2988666005"
"503","Argia pulla Hagen, 1865",-84.917618,10.162082,"gbif",2023-02-07,"4526614727"
"504","Argia pulla Hagen, 1865",-84.852611,10.161943,"gbif",2010-08-13,"3925066069"
"505","Argia pulla Hagen, 1865",-84.85235,10.146932,"gbif",2004-11-30,"1256502714"
"506","Argia pulla Hagen, 1865",-84.850918,10.450229,"gbif",2005-04-13,"1256502732"
"507","Argia pulla Hagen, 1865",-84.7338,10.0219,"gbif",1967-06-26,"1317437935"
"508","Argia pulla Hagen, 1865",-84.721155,10.452553,"gbif",2017-07-10,"1572392091"
"509","Argia pulla Hagen, 1865",-84.714692,10.485168,"gbif",2020-01-28,"2609135717"
"510","Argia pulla Hagen, 1865",-84.7122,9.99046,"gbif",1915-12-19,"1322782304"
"511","Argia pulla Hagen, 1865",-84.703179,10.462626,"gbif",2010-08-16,"3947374918"
"512","Argia pulla Hagen, 1865",-84.65257,10.469813,"gbif",2022-07-02,"4458327626"
"513","Argia pulla Hagen, 1865",-84.642362,10.453863,"gbif",2018-04-25,"1847545824"
"514","Argia pulla Hagen, 1865",-84.640681,10.454372,"gbif",2018-04-25,"1847545868"
"515","Argia pulla Hagen, 1865",-84.611812,9.756938,"gbif",2010-08-09,"3923708018"
"516","Argia pulla Hagen, 1865",-84.609861,9.756937,"gbif",2018-02-28,"2833329603"
"517","Argia pulla Hagen, 1865",-84.608974,9.756158,"gbif",2023-11-06,"4465730283"
"518","Argia pulla Hagen, 1865",-84.57756,9.7935,"gbif",2018-02-26,"1850892355"
"519","Argia pulla Hagen, 1865",-84.553668,9.780163,"gbif",2009-05-02,"1038287675"
"520","Argia pulla Hagen, 1865",-84.3803,9.97833,"gbif",1916-05-07,"1320345805"
"521","Argia pulla Hagen, 1865",-84.353197,10.992222,"gbif",2023-03-11,"4067183801"
"522","Argia pulla Hagen, 1865",-84.352986,10.99205,"gbif",2021-10-09,"3391664838"
"523","Argia pulla Hagen, 1865",-84.352476,10.991706,"gbif",2023-03-10,"4067616752"
"524","Argia pulla Hagen, 1865",-84.340086,10.975024,"gbif",2018-01-26,"2803150054"
"525","Argia pulla Hagen, 1865",-84.335799,10.981847,"gbif",2006-04-30,"3456771704"
"526","Argia pulla Hagen, 1865",-84.243975,9.914933,"gbif",1989-01-08,"1255911325"
"527","Argia pulla Hagen, 1865",-84.219872,10.676107,"gbif",2017-07-14,"1584406192"
"528","Argia pulla Hagen, 1865",-84.206772,10.703792,"gbif",2017-07-14,"1584419550"
"529","Argia pulla Hagen, 1865",-84.202846,9.454288,"gbif",2023-12-04,"4500751228"
"530","Argia pulla Hagen, 1865",-84.154327,9.410379,"gbif",2022-01-20,"3466376385"
"531","Argia pulla Hagen, 1865",-83.919943,10.178699,"gbif",2023-01-09,"4137658809"
"532","Argia pulla Hagen, 1865",-83.840521,10.198481,"gbif",2020-01-24,"2609285316"
"533","Argia pulla Hagen, 1865",-83.834895,10.196401,"gbif",2020-01-26,"2609252306"
"534","Argia pulla Hagen, 1865",-83.755758,9.152477,"gbif",2017-08-14,"2842528833"
"535","Argia pulla Hagen, 1865",-83.7519,9.8867,"gbif",1902-03-18,"1317230328"
"536","Argia pulla Hagen, 1865",-83.739485,9.156164,"gbif",2023-07-11,"4162281982"
"537","Argia pulla Hagen, 1865",-83.736267,9.173945,"gbif",2023-01-26,"4500716940"
"538","Argia pulla Hagen, 1865",-83.726457,8.638229,"gbif",2023-02-03,"4080536526"
"539","Argia pulla Hagen, 1865",-83.7245,9.33052,"gbif",1967-07-02,"1318123624"
"540","Argia pulla Hagen, 1865",-83.6744,9.91378,"gbif",1967-06-20,"1317223538"
"541","Argia pulla Hagen, 1865",-83.667886,8.642972,"gbif",2023-03-21,"4405074539"
"542","Argia pulla Hagen, 1865",-83.657,9.87405,"gbif",NA,"1318630339"
"543","Argia pulla Hagen, 1865",-83.65,9.9,"gbif",1968-07-17,"1317386863"
"544","Argia pulla Hagen, 1865",-83.645683,9.862814,"gbif",2019-01-22,"2833654519"
"545","Argia pulla Hagen, 1865",-83.643799,9.85882,"gbif",2019-01-22,"2843992779"
"546","Argia pulla Hagen, 1865",-83.595925,8.482433,"gbif",2023-03-02,"4075956798"
"547","Argia pulla Hagen, 1865",-83.594922,8.480172,"gbif",1989-03-26,"1255911284"
"548","Argia pulla Hagen, 1865",-83.591646,8.481446,"gbif",2020-03-11,"2596105393"
"549","Argia pulla Hagen, 1865",-83.591289,8.480171,"gbif",NA,"1255911472"
"550","Argia pulla Hagen, 1865",-83.590742,8.480369,"gbif",2023-03-02,"4067262206"
"551","Argia pulla Hagen, 1865",-83.588631,8.474503,"gbif",2014-02-18,"1890710524"
"552","Argia pulla Hagen, 1865",-83.588565,8.479267,"gbif",NA,"1255911585"
"553","Argia pulla Hagen, 1865",-83.570341,8.708033,"gbif",NA,"1255911513"
"554","Argia pulla Hagen, 1865",-83.566714,8.679096,"gbif",NA,"1255911625"
"555","Argia pulla Hagen, 1865",-83.518303,8.674845,"gbif",2022-01-22,"3705736502"
"556","Argia pulla Hagen, 1865",-83.494078,8.55971,"gbif",1995-05-10,"1255911531"
"557","Argia pulla Hagen, 1865",-83.476015,8.618763,"gbif",2015-03-22,"2611176531"
"558","Argia pulla Hagen, 1865",-83.397802,8.546089,"gbif",2000-03-12,"1255911646"
"559","Argia pulla Hagen, 1865",-83.3477,9.18566,"gbif",1967-07-02,"1319003413"
"560","Argia pulla Hagen, 1865",-83.326786,10.03535,"gbif",2022-03-29,"3760337186"
"561","Argia pulla Hagen, 1865",-83.326767,10.035207,"gbif",2022-03-29,"3759662130"
"562","Argia pulla Hagen, 1865",-83.322201,10.047698,"gbif",2022-04-25,"3772454617"
"563","Argia pulla Hagen, 1865",-83.306717,8.527226,"gbif",2020-12-29,"3017998715"
"564","Argia pulla Hagen, 1865",-83.296211,8.376746,"gbif",2022-06-02,"3858581093"
"565","Argia pulla Hagen, 1865",-83.208365,8.698449,"gbif",2014-02-21,"1890710640"
"566","Argia pulla Hagen, 1865",-83.205,8.697,"gbif",2015-12-25,"2833200843"
"567","Argia pulla Hagen, 1865",-83.204877,8.698458,"gbif",2023-03-17,"4405234722"
"568","Argia pulla Hagen, 1865",-83.204392,8.701193,"gbif",2022-01-24,"3705734439"
"569","Argia pulla Hagen, 1865",-83.20158,8.701463,"gbif",2023-03-29,"4075839055"
"570","Argia pulla Hagen, 1865",-83.200943,8.69917,"gbif",2019-01-11,"2840643243"
"571","Argia pulla Hagen, 1865",-83.200425,8.700618,"gbif",2019-01-11,"2841630615"
"572","Argia pulla Hagen, 1865",-83.192,8.701,"gbif",2015-12-23,"2836308745"
"573","Argia pulla Hagen, 1865",-83.077869,8.609298,"gbif",2022-02-24,"3712698532"
"574","Argia pulla Hagen, 1865",-83.051187,9.831517,"gbif",2019-11-19,"4413836501"
"575","Argia pulla Hagen, 1865",-83.029031,8.861163,"gbif",2019-06-27,"2283131157"
"576","Argia pulla Hagen, 1865",-83.027702,9.671765,"gbif",NA,"1255911696"
"577","Argia pulla Hagen, 1865",-83.026776,9.675378,"gbif",NA,"1255911627"
"578","Argia pulla Hagen, 1865",-82.965495,9.720626,"gbif",2022-03-23,"3772685502"
"579","Argia pulla Hagen, 1865",-82.965445,9.716995,"gbif",2021-11-19,"3456924879"
"580","Argia pulla Hagen, 1865",-82.96538,9.717123,"gbif",2021-11-19,"3456121980"
"581","Argia pulla Hagen, 1865",-82.939615,8.623733,"gbif",2021-11-30,"3455647739"
"582","Argia pulla Hagen, 1865",-82.93959,8.623727,"gbif",2021-11-30,"3456798874"
"583","Argia pulla Hagen, 1865",-82.939578,8.624623,"gbif",2021-11-30,"3455706816"
"584","Argia pulla Hagen, 1865",-82.87075,9.641233,"gbif",2022-01-30,"3705794469"
"585","Argia pulla Hagen, 1865",-82.640282,8.519111,"gbif",2022-11-26,"3985905115"
"586","Argia pulla Hagen, 1865",-82.557142,9.434834,"gbif",2021-05-07,"3466033602"
"587","Argia pulla Hagen, 1865",-82.448195,8.341,"gbif",2022-11-27,"3986301245"
"588","Argia pulla Hagen, 1865",-82.437977,8.402432,"gbif",2020-07-09,"2818765841"
"589","Argia pulla Hagen, 1865",-82.429181,8.485416,"gbif",2022-06-01,"3902191135"
"590","Argia pulla Hagen, 1865",-82.421417,8.387942,"gbif",2022-11-27,"3986279189"
"591","Argia pulla Hagen, 1865",-82.421392,8.388177,"gbif",2021-11-26,"3456958079"
"592","Argia pulla Hagen, 1865",-82.421353,8.388155,"gbif",2021-11-26,"3456890163"
"593","Argia pulla Hagen, 1865",-82.421316,8.388122,"gbif",2021-04-30,"3112620953"
"594","Argia pulla Hagen, 1865",-82.420395,8.385872,"gbif",2021-10-13,"3398653999"
"595","Argia pulla Hagen, 1865",-82.420242,8.385258,"gbif",2022-11-27,"3988689738"
"596","Argia pulla Hagen, 1865",-82.42008,8.447056,"gbif",2021-11-27,"3456387065"
"597","Argia pulla Hagen, 1865",-82.406297,8.562229,"gbif",2021-02-22,"3044935124"
"598","Argia pulla Hagen, 1865",-82.337051,8.428612,"gbif",2022-11-27,"3986265254"
"599","Argia pulla Hagen, 1865",-82.16773,8.865297,"gbif",2020-03-08,"2596292334"
"600","Argia pulla Hagen, 1865",-81.438886,8.141746,"gbif",2021-11-14,"3415757069"
"601","Argia pulla Hagen, 1865",-81.438886,8.14208,"gbif",2023-12-09,"4465721568"
"602","Argia pulla Hagen, 1865",-81.327033,8.014305,"gbif",2023-12-08,"4465681144"
"603","Argia pulla Hagen, 1865",-81.326908,8.014147,"gbif",2023-12-08,"4465447179"
"604","Argia pulla Hagen, 1865",-81.324977,7.991103,"gbif",2022-04-30,"3784650434"
"605","Argia pulla Hagen, 1865",-81.324459,8.004493,"gbif",2022-11-26,"3985845132"
"606","Argia pulla Hagen, 1865",-81.32254,8.061013,"gbif",2023-12-08,"4465832523"
"607","Argia pulla Hagen, 1865",-81.32008,8.016713,"gbif",2023-12-08,"4500551704"
"608","Argia pulla Hagen, 1865",-81.318709,8.007954,"gbif",2022-11-25,"3985863052"
"609","Argia pulla Hagen, 1865",-81.318056,8.006111,"gbif",2022-11-26,"3985913108"
"610","Argia pulla Hagen, 1865",-81.317243,8.003583,"gbif",2022-11-25,"3988515642"
"611","Argia pulla Hagen, 1865",-81.314438,8.010961,"gbif",2023-12-10,"4465493857"
"612","Argia pulla Hagen, 1865",-81.313995,8.001418,"gbif",2021-11-27,"3456954310"
"613","Argia pulla Hagen, 1865",-81.312958,8.00655,"gbif",2022-11-26,"3986314147"
"614","Argia pulla Hagen, 1865",-81.310966,8.006967,"gbif",2022-11-25,"3985820007"
"615","Argia pulla Hagen, 1865",-81.29814,7.765303,"gbif",2023-02-21,"4067711547"
"616","Argia pulla Hagen, 1865",-81.265263,7.8796,"gbif",2023-12-09,"4465777673"
"617","Argia pulla Hagen, 1865",-81.232521,8.056598,"gbif",2022-11-27,"3988502662"
"618","Argia pulla Hagen, 1865",-81.21798,8.036489,"gbif",2022-11-26,"3986314132"
"619","Argia pulla Hagen, 1865",-81.053906,8.545166,"gbif",2022-02-13,"3499489901"
"620","Argia pulla Hagen, 1865",-80.990461,8.097924,"gbif",2021-11-28,"3455702063"
"621","Argia pulla Hagen, 1865",-80.968427,8.111721,"gbif",2022-11-25,"3985945991"
"622","Argia pulla Hagen, 1865",-80.961618,7.591278,"gbif",2022-11-27,"3986275198"
"623","Argia pulla Hagen, 1865",-80.960788,7.609455,"gbif",2022-03-06,"3772872065"
"624","Argia pulla Hagen, 1865",-80.960687,7.609482,"gbif",2022-03-06,"3773034813"
"625","Argia pulla Hagen, 1865",-80.960067,7.592687,"gbif",2021-11-26,"3455535138"
"626","Argia pulla Hagen, 1865",-80.931467,7.995375,"gbif",2023-01-27,"4028946073"
"627","Argia pulla Hagen, 1865",-80.906289,8.228617,"gbif",2020-08-02,"4400338576"
"628","Argia pulla Hagen, 1865",-80.778895,7.336413,"gbif",2020-02-28,"2597750541"
"629","Argia pulla Hagen, 1865",-80.68226,8.14817,"gbif",2014-01-24,"4538261419"
"630","Argia pulla Hagen, 1865",-80.643791,8.167399,"gbif",2014-01-24,"4424359666"
"631","Argia pulla Hagen, 1865",-80.52302,8.487755,"gbif",2022-03-03,"3764494898"
"632","Argia pulla Hagen, 1865",-80.49478,8.430665,"gbif",2022-03-03,"3764532891"
"633","Argia pulla Hagen, 1865",-80.267456,7.461011,"gbif",2023-11-13,"4442541304"
"634","Argia pulla Hagen, 1865",-80.239442,8.304287,"gbif",2012-09-04,"3912141004"
"635","Argia pulla Hagen, 1865",-80.225014,8.367158,"gbif",2019-09-16,"3031602539"
"636","Argia pulla Hagen, 1865",-80.20368,8.531301,"gbif",2017-06-16,"3333516396"
"637","Argia pulla Hagen, 1865",-80.180041,8.3466,"gbif",2022-12-24,"4011835679"
"638","Argia pulla Hagen, 1865",-80.179486,8.347012,"gbif",2022-12-24,"4011613633"
"639","Argia pulla Hagen, 1865",-80.147055,8.594963,"gbif",2023-02-19,"4054770147"
"640","Argia pulla Hagen, 1865",-80.144987,8.59722,"gbif",2023-09-20,"4416738592"
"641","Argia pulla Hagen, 1865",-80.127296,8.608173,"gbif",2022-03-26,"3759637275"
"642","Argia pulla Hagen, 1865",-80.126926,8.605667,"gbif",2023-11-03,"4440963113"
"643","Argia pulla Hagen, 1865",-80.111293,8.614695,"gbif",2022-05-30,"3859383813"
"644","Argia pulla Hagen, 1865",-79.874166,0.238889,"gbif",2010-03-01,"1323016792"
"645","Argia pulla Hagen, 1865",-79.789587,9.308407,"gbif",2022-11-26,"4500716912"
"646","Argia pulla Hagen, 1865",-79.743687,-3.651631,"gbif",2023-02-28,"4091507809"
"647","Argia pulla Hagen, 1865",-79.715486,9.129154,"gbif",2023-02-09,"4062669573"
"648","Argia pulla Hagen, 1865",-79.704119,9.120981,"gbif",2022-01-21,"3466037973"
"649","Argia pulla Hagen, 1865",-79.696513,9.116464,"gbif",2023-01-02,"4015006828"
"650","Argia pulla Hagen, 1865",-79.693135,9.117682,"gbif",2022-03-18,"3759372758"
"651","Argia pulla Hagen, 1865",-79.692787,9.11641,"gbif",2014-01-23,"3698394811"
"652","Argia pulla Hagen, 1865",-79.692707,9.117988,"gbif",2022-03-18,"3759443713"
"653","Argia pulla Hagen, 1865",-79.692651,9.116676,"gbif",2022-05-05,"3784883624"
"654","Argia pulla Hagen, 1865",-79.692639,9.117444,"gbif",2019-09-19,"3031649567"
"655","Argia pulla Hagen, 1865",-79.692543,9.121632,"gbif",2023-01-19,"4062914906"
"656","Argia pulla Hagen, 1865",-79.656512,9.553584,"gbif",2023-03-13,"4076300746"
"657","Argia pulla Hagen, 1865",-79.652126,9.063305,"gbif",2021-10-04,"3415513960"
"658","Argia pulla Hagen, 1865",-79.64976,9.06144,"gbif",2019-08-04,"3034994909"
"659","Argia pulla Hagen, 1865",-79.639073,9.054172,"gbif",2012-08-31,"3456772298"
"660","Argia pulla Hagen, 1865",-79.636932,8.941127,"gbif",2021-10-28,"3399034416"
"661","Argia pulla Hagen, 1865",-79.635867,9.047071,"gbif",2022-07-21,"3873185867"
"662","Argia pulla Hagen, 1865",-79.63575,9.047122,"gbif",2021-05-01,"3112944730"
"663","Argia pulla Hagen, 1865",-79.635741,9.047121,"gbif",2021-06-27,"3320949092"
"664","Argia pulla Hagen, 1865",-79.635738,9.047137,"gbif",2021-06-27,"3320905050"
"665","Argia pulla Hagen, 1865",-79.635685,9.047152,"gbif",2022-07-21,"3873497733"
"666","Argia pulla Hagen, 1865",-79.635091,9.048317,"gbif",2023-02-15,"4067501450"
"667","Argia pulla Hagen, 1865",-79.594925,9.011039,"gbif",2023-07-01,"4145426091"
"668","Argia pulla Hagen, 1865",-79.59003,8.903983,"gbif",2020-08-21,"3097018425"
"669","Argia pulla Hagen, 1865",-79.587307,9.003883,"gbif",2021-04-24,"3109007763"
"670","Argia pulla Hagen, 1865",-79.587145,9.004587,"gbif",2021-06-27,"3321106079"
"671","Argia pulla Hagen, 1865",-79.582561,9.038228,"gbif",2021-10-27,"3399433412"
"672","Argia pulla Hagen, 1865",-79.581772,8.897522,"gbif",2023-12-26,"4512193123"
"673","Argia pulla Hagen, 1865",-79.571059,9.013329,"gbif",2020-12-18,"3018133594"
"674","Argia pulla Hagen, 1865",-79.569635,9.014297,"gbif",2023-09-12,"4416687654"
"675","Argia pulla Hagen, 1865",-79.564875,9.103418,"gbif",2023-12-08,"4465515370"
"676","Argia pulla Hagen, 1865",-79.561594,8.977373,"gbif",2021-06-27,"3320924081"
"677","Argia pulla Hagen, 1865",-79.561443,8.977643,"gbif",2021-06-27,"3321143086"
"678","Argia pulla Hagen, 1865",-79.561333,8.979464,"gbif",2022-08-06,"3889096278"
"679","Argia pulla Hagen, 1865",-79.561317,8.979471,"gbif",2022-08-06,"3889276367"
"680","Argia pulla Hagen, 1865",-79.560727,8.982083,"gbif",2023-08-27,"4416742662"
"681","Argia pulla Hagen, 1865",-79.560428,8.982165,"gbif",2023-08-27,"4416710670"
"682","Argia pulla Hagen, 1865",-79.560355,8.982258,"gbif",2023-08-27,"4416779714"
"683","Argia pulla Hagen, 1865",-79.560089,8.982286,"gbif",2023-08-27,"4416711751"
"684","Argia pulla Hagen, 1865",-79.551134,8.98478,"gbif",2021-04-18,"3097170991"
"685","Argia pulla Hagen, 1865",-79.547309,8.986119,"gbif",2012-08-27,"3456030937"
"686","Argia pulla Hagen, 1865",-79.546471,8.986821,"gbif",2023-04-29,"4111737646"
"687","Argia pulla Hagen, 1865",-79.546165,8.989616,"gbif",2018-08-03,"3388686670"
"688","Argia pulla Hagen, 1865",-79.545537,8.989844,"gbif",2021-10-09,"3468721254"
"689","Argia pulla Hagen, 1865",-79.528572,9.04076,"gbif",2021-07-18,"3384619883"
"690","Argia pulla Hagen, 1865",-79.52797,9.019778,"gbif",2021-05-03,"3764080346"
"691","Argia pulla Hagen, 1865",-79.487616,9.03909,"gbif",2021-10-04,"3391520621"
"692","Argia pulla Hagen, 1865",-79.48,9.047778,"gbif",2020-12-26,"3018142148"
"693","Argia pulla Hagen, 1865",-79.476783,9.034314,"gbif",2022-08-31,"4076287147"
"694","Argia pulla Hagen, 1865",-79.47494,9.00765,"gbif",2023-05-30,"4138288992"
"695","Argia pulla Hagen, 1865",-79.472787,9.059345,"gbif",2021-03-18,"3070459530"
"696","Argia pulla Hagen, 1865",-79.431071,9.109655,"gbif",2021-11-27,"3456998022"
"697","Argia pulla Hagen, 1865",-79.413273,9.167011,"gbif",2019-09-20,"3031653534"
"698","Argia pulla Hagen, 1865",-79.395482,9.069544,"gbif",2021-10-10,"3456141446"
"699","Argia pulla Hagen, 1865",-79.3813,9.08938,"gbif",1967-07-07,"1318253569"
"700","Argia pulla Hagen, 1865",-79.263145,9.118334,"gbif",2021-11-08,"3415769886"
"701","Argia pulla Hagen, 1865",-79.176,-0.25339,"gbif",1997-01-30,"1317781127"
"702","Argia pulla Hagen, 1865",-78.9653,9.33081,"gbif",1985-03-03,"1318746662"
"703","Argia pulla Hagen, 1865",-78.9646,9.42967,"gbif",1985-03-01,"1318337217"
"704","Argia pulla Hagen, 1865",-78.956,9.22012,"gbif",1985-02-25,"1317401685"
"705","Argia pulla Hagen, 1865",-78.9333,9.3333,"gbif",1985-03-04,"1318519039"
"706","Argia pulla Hagen, 1865",-78.928824,9.1088,"gbif",2023-05-22,"4129935150"
"707","Argia pulla Hagen, 1865",-78.795477,9.178495,"gbif",2022-09-25,"3963521896"
"708","Argia pulla Hagen, 1865",-78.757262,9.029312,"gbif",2022-02-13,"3747035227"
"709","Argia pulla Hagen, 1865",-78.753035,9.022432,"gbif",2022-02-14,"3747138514"
"710","Argia pulla Hagen, 1865",-78.468128,8.949092,"gbif",2023-01-22,"4067455513"
"711","Argia pulla Hagen, 1865",-78.467955,8.949342,"gbif",2022-02-16,"3759855940"
"712","Argia pulla Hagen, 1865",-78.467618,8.950917,"gbif",2020-02-19,"2596048187"
"713","Argia pulla Hagen, 1865",-78.467583,8.949607,"gbif",2022-02-15,"3747162936"
"714","Argia pulla Hagen, 1865",-78.46751,8.94947,"gbif",2022-02-15,"3747208461"
"715","Argia pulla Hagen, 1865",-78.467293,8.949635,"gbif",2023-01-22,"4067488518"
"716","Argia pulla Hagen, 1865",-78.466712,8.951953,"gbif",2022-02-16,"3759507938"
"717","Argia pulla Hagen, 1865",-78.466647,8.953537,"gbif",2022-02-16,"3759876941"
"718","Argia pulla Hagen, 1865",-78.466644,8.952511,"gbif",2021-12-03,"3456710066"
"719","Argia pulla Hagen, 1865",-78.466437,8.953503,"gbif",2022-02-16,"3759848909"
"720","Argia pulla Hagen, 1865",-78.466252,8.953515,"gbif",2022-02-16,"3759843948"
"721","Argia pulla Hagen, 1865",-78.466025,8.953589,"gbif",2021-12-03,"3456927872"
"722","Argia pulla Hagen, 1865",-78.465978,8.954033,"gbif",2022-02-16,"3759849955"
"723","Argia pulla Hagen, 1865",-78.39867,8.92173,"gbif",2019-09-28,"3031602552"
"724","Argia pulla Hagen, 1865",-78.3927,8.942367,"gbif",2022-02-17,"3759130288"
"725","Argia pulla Hagen, 1865",-78.39217,8.944258,"gbif",2022-02-17,"3759063265"
"726","Argia pulla Hagen, 1865",-78.382243,8.894583,"gbif",2022-02-18,"3760185472"
"727","Argia pulla Hagen, 1865",-78.380853,8.822025,"gbif",2022-02-17,"3759223251"
"728","Argia pulla Hagen, 1865",-78.37,8.05,"gbif",1985-02-13,"1319614353"
"729","Argia pulla Hagen, 1865",-77.977717,8.509019,"gbif",2021-03-15,"3070734337"
"730","Argia pulla Hagen, 1865",-77.9735,8.50117,"gbif",1985-02-24,"1317414389"
"731","Argia pulla Hagen, 1865",-77.878284,8.393949,"gbif",2021-12-27,"3455717920"
"732","Argia pulla Hagen, 1865",-77.734385,8.205326,"gbif",2023-12-14,"4507738460"
"733","Argia pulla Hagen, 1865",-77.732977,8.10771,"gbif",2022-02-26,"3784963416"
"734","Argia pulla Hagen, 1865",-77.7071,-1.04353,"gbif",1996-07-23,"1322482004"
"735","Argia pulla Hagen, 1865",-77.4839,8.2347,"gbif",1985-02-17,"1318720085"
"736","Argia pulla Hagen, 1865",-77.2828,-0.49924,"gbif",1995-06-13,"1317830883"
"737","Argia pulla Hagen, 1865",-76.9118,0.11304,"gbif",1975-08-24,"1321885527"
"738","Argia pulla Hagen, 1865",-76.6683,-0.18212,"gbif",1996-07-16,"1319757726"
"739","Argia pulla Hagen, 1865",-76.6623,-0.33944,"gbif",1996-07-19,"1322985609"
"740","Argia pulla Hagen, 1865",-76.6,-0.4,"gbif",1996-07-19,"1320369944"
"741","Argia pulla Hagen, 1865",-76.536945,3.331949,"gbif",2022-04-30,"3772952379"
"742","Argia pulla Hagen, 1865",-76.536857,3.362546,"gbif",2017-02-14,"3081033346"
"743","Argia pulla Hagen, 1865",-76.536853,3.331902,"gbif",2017-01-10,"3081033306"
"744","Argia pulla Hagen, 1865",-76.533646,3.347339,"gbif",2022-12-21,"4076239003"
"745","Argia pulla Hagen, 1865",-76.52396,3.350201,"gbif",2018-02-07,"3081033338"
"746","Argia pulla Hagen, 1865",-76.31372,3.68549,"gbif",1970-01-18,"2625680742"
"747","Argia pulla Hagen, 1865",-76.303611,3.539444,"gbif",1971-07-21,"3801254084"
"748","Argia pulla Hagen, 1865",-76.146742,5.33471,"gbif",2022-06-22,"3922616311"
"749","Argia pulla Hagen, 1865",-76.142472,5.340855,"gbif",2022-06-22,"3922617301"
"750","Argia pulla Hagen, 1865",-75.920548,4.846999,"gbif",2024-02-19,"4525357919"
"751","Argia pulla Hagen, 1865",-75.79153,4.453588,"gbif",2023-02-19,"4046385689"
"752","Argia pulla Hagen, 1865",-75.232187,2.85709,"gbif",2016-06-13,"3804416333"
"753","Argia pulla Hagen, 1865",-74.705224,5.373887,"gbif",2022-08-03,"4153746472"
"754","Argia pulla Hagen, 1865",-73.7863,2.18255,"gbif",NA,"1318573567"
"755","Argia pulla Hagen, 1865",-73.586023,4.07297,"gbif",2020-12-11,"3128921561"
"756","Argia pulla Hagen, 1865",-73.58591,4.07463,"gbif",2020-01-21,"3128923507"
"757","Argia pulla Hagen, 1865",-73.58589,4.07455,"gbif",2020-01-21,"3128923505"
"758","Argia pulla Hagen, 1865",-73.58586,4.07461,"gbif",2020-01-21,"3128923503"
"759","Argia pulla Hagen, 1865",-73.58584,4.07463,"gbif",2020-01-21,"3128923512"
"760","Argia pulla Hagen, 1865",-73.58581,4.07465,"gbif",2020-01-21,"3128923509"
"761","Argia pulla Hagen, 1865",-73.58567,4.07422,"gbif",2020-12-04,"3128922443"
"762","Argia pulla Hagen, 1865",-73.58558,4.07268,"gbif",2020-10-19,"3128922789"
"763","Argia pulla Hagen, 1865",-73.585468,4.07438,"gbif",2020-12-04,"3128922438"
"764","Argia pulla Hagen, 1865",-73.58542,4.07265,"gbif",2020-10-19,"3128922815"
"765","Argia pulla Hagen, 1865",-73.58538,4.07264,"gbif",2020-10-19,"3128922786"
"766","Argia pulla Hagen, 1865",-73.585322,4.07269,"gbif",2020-12-11,"3128921628"
"767","Argia pulla Hagen, 1865",-73.58524,4.07261,"gbif",2020-01-13,"3128921263"
"768","Argia pulla Hagen, 1865",-73.58522,4.07261,"gbif",2020-08-11,"3128922298"
"769","Argia pulla Hagen, 1865",-73.58519,4.07261,"gbif",2020-08-11,"3128922305"
"770","Argia pulla Hagen, 1865",-73.58518,4.07259,"gbif",2020-11-03,"3128922799"
"771","Argia pulla Hagen, 1865",-73.585155,4.0727,"gbif",2020-12-11,"3128921557"
"772","Argia pulla Hagen, 1865",-73.58411,4.07436,"gbif",2020-02-15,"3128923206"
"773","Argia pulla Hagen, 1865",-73.58403,4.07435,"gbif",2020-01-21,"3128923508"
"774","Argia pulla Hagen, 1865",-73.58397,4.07431,"gbif",2020-02-15,"3128923227"
"775","Argia pulla Hagen, 1865",-73.58397,4.07442,"gbif",2020-02-15,"3128923207"
"776","Argia pulla Hagen, 1865",-73.58394,4.07428,"gbif",2020-01-21,"3128923506"
"777","Argia pulla Hagen, 1865",-73.58393,4.07429,"gbif",2020-01-21,"3128923514"
"778","Argia pulla Hagen, 1865",-73.58392,4.07433,"gbif",2020-02-15,"3128923205"
"779","Argia pulla Hagen, 1865",-73.58392,4.07436,"gbif",2020-10-20,"3128922794"
"780","Argia pulla Hagen, 1865",-73.58392,4.07444,"gbif",2020-02-15,"3128923208"
"781","Argia pulla Hagen, 1865",-73.58388,4.07431,"gbif",2020-01-21,"3128923516"
"782","Argia pulla Hagen, 1865",-73.58377,4.07306,"gbif",2020-01-13,"3128921283"
"783","Argia pulla Hagen, 1865",-73.58372,4.07314,"gbif",2020-02-25,"3128923235"
"784","Argia pulla Hagen, 1865",-73.58372,4.07319,"gbif",2020-03-19,"3128922335"
"785","Argia pulla Hagen, 1865",-73.5837,4.07307,"gbif",2020-01-13,"3128921294"
"786","Argia pulla Hagen, 1865",-73.58369,4.07312,"gbif",2020-01-13,"3128921271"
"787","Argia pulla Hagen, 1865",-73.58352,4.07331,"gbif",2020-01-13,"3128921280"
"788","Argia pulla Hagen, 1865",-73.58351,4.07349,"gbif",2020-10-19,"3128922796"
"789","Argia pulla Hagen, 1865",-73.58349,4.07329,"gbif",2020-01-13,"3128921285"
"790","Argia pulla Hagen, 1865",-73.58349,4.0733,"gbif",2020-01-13,"3128921287"
"791","Argia pulla Hagen, 1865",-73.58248,4.07261,"gbif",2020-10-15,"3128922802"
"792","Argia pulla Hagen, 1865",-73.58201,4.07307,"gbif",2020-01-15,"3128921835"
"793","Argia pulla Hagen, 1865",-73.582,4.07302,"gbif",2020-01-15,"3128921845"
"794","Argia pulla Hagen, 1865",-73.58198,4.07304,"gbif",2020-01-15,"3128921215"
"795","Argia pulla Hagen, 1865",-73.58184,4.0727,"gbif",2020-11-04,"3128922457"
"796","Argia pulla Hagen, 1865",-73.58122,4.07452,"gbif",2020-01-15,"3128921783"
"797","Argia pulla Hagen, 1865",-73.58119,4.07434,"gbif",2020-01-15,"3128921863"
"798","Argia pulla Hagen, 1865",-73.58114,4.07445,"gbif",2020-08-25,"3128922028"
"799","Argia pulla Hagen, 1865",-73.58111,4.07447,"gbif",2020-03-12,"3128923209"
"800","Argia pulla Hagen, 1865",-73.58109,4.07463,"gbif",2020-08-25,"3128922024"
"801","Argia pulla Hagen, 1865",-73.58105,4.07461,"gbif",2020-01-15,"3128921776"
"802","Argia pulla Hagen, 1865",-73.58099,4.07472,"gbif",2020-09-15,"3128922013"
"803","Argia pulla Hagen, 1865",-73.58097,4.07486,"gbif",2020-02-11,"3128923242"
"804","Argia pulla Hagen, 1865",-73.58094,4.07492,"gbif",2020-10-15,"3128922822"
"805","Argia pulla Hagen, 1865",-73.58088,4.07452,"gbif",2020-01-15,"3128921792"
"806","Argia pulla Hagen, 1865",-73.58087,4.07467,"gbif",2020-01-15,"3128921799"
"807","Argia pulla Hagen, 1865",-73.58082,4.07465,"gbif",2020-08-25,"3128922041"
"808","Argia pulla Hagen, 1865",-73.58073,4.07494,"gbif",2020-10-15,"3128922817"
"809","Argia pulla Hagen, 1865",-73.58072,4.07461,"gbif",2020-02-11,"3128923267"
"810","Argia pulla Hagen, 1865",-73.58069,4.07461,"gbif",2020-02-11,"3128923263"
"811","Argia pulla Hagen, 1865",-73.58064,4.07458,"gbif",2020-02-11,"3128923256"
"812","Argia pulla Hagen, 1865",-73.58042,4.073,"gbif",2020-08-14,"3128922311"
"813","Argia pulla Hagen, 1865",-73.5656,4.26025,"gbif",1983-02-11,"1322113069"
"814","Argia pulla Hagen, 1865",-73.054504,7.038047,"gbif",2021-10-23,"3399429935"
"815","Argia pulla Hagen, 1865",-70.3525,8.7181,"gbif",1976-02-18,"1318111917"
"816","Argia pulla Hagen, 1865",-69.6302,9.10662,"gbif",1976-02-08,"1317916214"
"817","Argia pulla Hagen, 1865",-68.661111,10.485556,"gbif",1993-01-07,"3801254098"
"818","Argia pulla Hagen, 1865",-67.7642,10.4833,"gbif",NA,"1320153272"
"819","Argia pulla Hagen, 1865",-67.6305,10.2687,"gbif",NA,"1318953631"
"820","Argia pulla Hagen, 1865",-67.5593,5.56174,"gbif",1984-03-09,"1317840084"
"821","Argia pulla Hagen, 1865",-67.35,9.92,"gbif",1969-02-14,"1317919723"
"822","Argia pulla Hagen, 1865",-66,7.43389,"gbif",NA,"1847738269"
"823","Argia pulla Hagen, 1865",-64.7206,7.58389,"gbif",NA,"1317757461"
"824","Argia pulla Hagen, 1865",-63.7935,10.1603,"gbif",1995-04-08,"1318225315"
"825","Argia pulla Hagen, 1865",-63.7932,10.1625,"gbif",1995-04-09,"1317893157"
"826","Argia pulla Hagen, 1865",-62.9205,10.5938,"gbif",1995-04-06,"1318101194"
"827","Argia pulla Hagen, 1865",-62.5539,8.31172,"gbif",1976-02-13,"1317623861"
"828","Argia pulla Hagen, 1865",-62.479,10.719,"gbif",1995-04-02,"1318223483"
"829","Argia pulla Hagen, 1865",-62.4762,10.7178,"gbif",1995-04-03,"1321887569"
"830","Argia pulla Hagen, 1865",-62.4077,8.10894,"gbif",1976-02-13,"1320502781"
"831","Argia pulla Hagen, 1865",-61.8,10.12,"gbif",1993-06-24,"1319341945"
"832","Argia pulla Hagen, 1865",-61.63,10.23,"gbif",1993-06-24,"1317244326"
"833","Argia pulla Hagen, 1865",-61.508563,10.660317,"gbif",2022-12-04,"4009776598"
"834","Argia pulla Hagen, 1865",-61.4529,10.3302,"gbif",1986-03-13,"1890099426"
"835","Argia pulla Hagen, 1865",-61.409931,10.520006,"gbif",2020-12-05,"2999201775"
"836","Argia pulla Hagen, 1865",-61.4055,10.6372,"gbif",1975-07-20,"1890099622"
"837","Argia pulla Hagen, 1865",-61.4,10.65,"gbif",1993-06-26,"1318415252"
"838","Argia pulla Hagen, 1865",-61.3995,10.7079,"gbif",1944-01-23,"1890099424"
"839","Argia pulla Hagen, 1865",-61.3881,10.6511,"gbif",1986-05-04,"1890099429"
"840","Argia pulla Hagen, 1865",-61.325577,10.687767,"gbif",2017-04-16,"1579836346"
"841","Argia pulla Hagen, 1865",-61.32,10.8,"gbif",1993-06-25,"1318684028"
"842","Argia pulla Hagen, 1865",-61.28,10.52,"gbif",1993-06-22,"1317367726"
"843","Argia pulla Hagen, 1865",-61.265209,10.55789,"gbif",2017-04-15,"1579844244"
"844","Argia pulla Hagen, 1865",-61.2635,10.5713,"gbif",1975-07-22,"1890099611"
"845","Argia pulla Hagen, 1865",-61.250847,10.657848,"gbif",2016-07-31,"1291666099"
"846","Argia pulla Hagen, 1865",-61.227665,10.664488,"gbif",2017-07-06,"2579215608"
"847","Argia pulla Hagen, 1865",-61.22,10.65,"gbif",1993-06-22,"1318794781"
"848","Argia pulla Hagen, 1865",-61.2,10.6,"gbif",1993-06-23,"1317674639"
"849","Argia pulla Hagen, 1865",-61.1918,10.6188,"gbif",2014-05-18,"1890099710"
"850","Argia pulla Hagen, 1865",-61.1904,10.6908,"gbif",1986-02-27,"1890099417"
"851","Argia pulla Hagen, 1865",-61.048538,10.830187,"gbif",2017-04-10,"1579838382"
"852","Argia pulla Hagen, 1865",-60.99501,10.834887,"gbif",2017-04-12,"1579842117"
"853","Argia pulla Hagen, 1865",-60.735126,11.185138,"gbif",2017-04-03,"1579845952"
"854","Argia pulla Hagen, 1865",-60.694378,11.279217,"gbif",2017-04-03,"1579847284"
"855","Argia pulla Hagen, 1865",-60.6489,11.2981,"gbif",1994-04-20,"1320479197"
"856","Argia pulla Hagen, 1865",-60.63,11.3,"gbif",1993-06-14,"1317963446"
"857","Argia pulla Hagen, 1865",-60.58,11.28,"gbif",1993-06-14,"1320294591"
"858","Argia pulla Hagen, 1865",-60.57,11.32,"gbif",1993-06-10,"1317556201"
"859","Argia pulla Hagen, 1865",-60.55,11.27,"gbif",1993-06-13,"1318094860"
"860","Argia pulla Hagen, 1865",-60.55,11.28,"gbif",1993-06-15,"1321480133"
"861","Argia pulla Hagen, 1865",-60.53,11.3,"gbif",1993-06-12,"1318849507"
"862","Argia pulla Hagen, 1865",-59.7135,4.6992,"gbif",1997-08-25,"1318556096"
"863","Argia pulla Hagen, 1865",-59.675,3.3517,"gbif",1995-04-27,"1318688396"
"864","Argia pulla Hagen, 1865",-59.675,3.6117,"gbif",1995-04-27,"1319143880"
"865","Argia pulla Hagen, 1865",-59.65,3.3033,"gbif",1994-04-06,"1319661710"
"866","Argia pulla Hagen, 1865",-59.503213,2.947684,"gbif",2022-12-13,"4034613663"
"NA",NA,NA,NA,NA,NA,NA
